{
  "project_info": {
    "project_number": "103846896680",
    "firebase_url": "https://mindsight-1556669886866.firebaseio.com",
    "project_id": "mindsight-1556669886866",
    "storage_bucket": "mindsight-1556669886866.appspot.com"
  },
  "client": [
    {
      "client_info": {
        "mobilesdk_app_id": "1:103846896680:android:074aed9e3f96d03e",
        "android_client_info": {
          "package_name": "com.example.keyboard"
        }
      },
      "oauth_client": [
        {
          "client_id": "103846896680-eskingtbpl1fh12qppq3bnk7t9ponk7h.apps.googleusercontent.com",
          "client_type": 1,
          "android_info": {
            "package_name": "com.example.keyboard",
            "certificate_hash": "7786d461ebbeb8ee4f28a2202bde09059ef6569c"
          }
        },
        {
          "client_id": "103846896680-jui7vq675fbqqcjuajo6dsmloudefb72.apps.googleusercontent.com",
          "client_type": 3
        }
      ],
      "api_key": [
        {
          "current_key": "AIzaSyBOzYL51_2LPZwXFc8iS3QIu7eXWqlIPGs"
        }
      ],
      "services": {
        "appinvite_service": {
          "other_platform_oauth_client": [
            {
              "client_id": "103846896680-jui7vq675fbqqcjuajo6dsmloudefb72.apps.googleusercontent.com",
              "client_type": 3
            }
          ]
        }
      }
    }
  ],
  "configuration_version": "1"
}